{"tvecs": [[[2.417665524680299], [-2.4558911244701016], [10.633674398118439]], [[-1.149328515614243], [-4.027794722777936], [15.499928533465253]], [[3.540899556178083], [-2.4746610489943976], [13.519677345611012]], [[-2.289574860243259], [-2.404968284492217], [11.190240254634569]], [[-0.8858753141121113], [-1.9244398284105275], [16.63418775862415]], [[2.9629647810813275], [-2.459219223495229], [14.84686851274715]], [[2.460876577670561], [-2.0350353707298883], [9.224838864773096]], [[4.877346308524999], [-3.475209259772195], [15.655095678380043]]], "blue": [[109, 175, 163], [109, 178, 163], [109, 176, 162], [109, 173, 178], [108, 166, 174], [108, 166, 180], [108, 169, 164], [108, 170, 165], [108, 168, 164], [108, 176, 136], [108, 175, 134], [108, 171, 140]], "mtx": [[1517.5461206823607, 0.0, 666.7720960803894], [0.0, 1517.367727846098, 511.0159131681391], [0.0, 0.0, 1.0]], "dist": [[-0.35004309957903956, 0.34119024245634644, 0.00026350410376364814, 0.000470812766187986, -0.5220999473108473]], "wb_kr": 1.0, "yellow": [[20, 137, 240], [20, 135, 243], [20, 135, 245], [21, 135, 197], [21, 136, 205], [21, 136, 215], [22, 128, 215], [23, 124, 209], [23, 126, 213], [21, 126, 253], [21, 126, 255], [21, 129, 255]], "purple": [[122, 128, 98], [124, 122, 115], [122, 126, 95], [121, 126, 95], [120, 130, 98], [121, 121, 105], [125, 121, 120], [124, 116, 121], [125, 125, 104], [121, 130, 126], [119, 108, 128], [121, 78, 151]], "rvecs": [[[0.29270992539082913], [0.26294573820793454], [1.5431707649687725]], [[0.12307820497800596], [0.38419760519460033], [0.0283488415454236]], [[-0.49028184343417536], [-0.6756778034651807], [1.514398249499126]], [[0.7867394410673474], [0.41518447899175775], [-0.14997562482029633]], [[-1.0541939891303849], [0.40533814352729863], [0.23451312533925453]], [[-0.4332440842000498], [-0.6596216322758831], [1.5684217245091838]], [[1.0816731938357862], [1.0512971431534244], [1.5005205524925103]], [[0.3647585844669786], [0.3823711703305554], [1.4500754102226867]]], "green": [[67, 110, 171], [64, 115, 175], [67, 115, 182], [67, 108, 180], [67, 108, 185], [68, 112, 187], [63, 106, 169], [65, 107, 165], [64, 104, 170], [63, 107, 157], [62, 108, 158], [63, 113, 163]], "wb_kb": 2.746720314025879, "wb_kg": 1.1430599689483643, "red": [[3, 177, 242], [3, 178, 244], [3, 181, 252], [3, 163, 255], [3, 161, 250], [3, 156, 252], [3, 179, 227], [3, 175, 223], [3, 177, 227], [4, 168, 204], [4, 170, 198], [4, 170, 208]]}