{"tvecs": [[[-4.644006185446558], [3.4987230119510717], [19.704967503553263]], [[-0.49567650083909054], [-4.106886742181356], [17.28603146786059]], [[-6.129836184339351], [1.490103362682901], [21.089540546967758]], [[-4.641381728416719], [2.7271735772326653], [11.56167585903735]], [[-3.6616956361532345], [1.9949934564291336], [10.715306288995587]], [[-2.2852895706070435], [-3.451964232975441], [9.818089090011703]], [[0.9184197378349406], [2.8538318167330687], [16.619272722554967]], [[-0.3050150443373004], [-3.1111488695698823], [15.75259467888727]]], "blue": [[109, 174, 148], [109, 177, 156], [109, 172, 156], [108, 171, 151], [109, 160, 153], [108, 164, 146], [108, 164, 146], [108, 163, 150], [107, 178, 145], [107, 173, 147], [107, 177, 150], [107, 175, 149], [107, 177, 150], [107, 178, 150], [107, 170, 147], [108, 174, 151]], "mtx": [[1418.1345726978648, 0.0, 665.9547748326867], [0.0, 1418.8191760911875, 510.50427052251814], [0.0, 0.0, 1.0]], "dist": [[-0.3388136834102655, 0.1759881569385968, 0.0007219001098928957, 0.00015105323028827757, -0.02875597907739094]], "wb_kr": 1.0, "yellow": [[21, 131, 222], [21, 127, 215], [21, 131, 220], [20, 130, 227], [20, 141, 233], [20, 139, 230], [21, 133, 214], [21, 138, 220], [23, 129, 193], [24, 128, 196], [23, 131, 197], [23, 129, 195], [23, 131, 200], [23, 131, 201], [24, 126, 196], [23, 129, 199]], "purple": [[123, 111, 99], [123, 114, 98], [123, 107, 114], [123, 118, 104], [124, 110, 118], [122, 121, 116], [122, 115, 109], [122, 114, 107], [121, 117, 94], [122, 116, 99], [121, 125, 92], [121, 119, 90], [125, 102, 127], [124, 94, 127], [118, 70, 146], [121, 112, 93]], "rvecs": [[[-0.7786779737166566], [0.023478345879789402], [-3.004997317434978]], [[0.027572768052783365], [0.5096674974909619], [0.02456734759650979]], [[-0.43284921099135715], [0.5474124558009136], [-1.7198763887069841]], [[-0.1646601542868649], [0.030692158920911313], [-1.618916335823691]], [[0.35229251226709657], [-0.2740344228625646], [-1.610474445297047]], [[1.0549774642800227], [0.488157524552617], [-0.10888984050970447]], [[-1.0728122871456238], [0.9359942765385122], [-1.3570845784701437]], [[-0.8460422472119378], [0.432276771965221], [0.13412239098380221]]], "green": [[65, 108, 158], [65, 111, 156], [67, 100, 161], [64, 108, 166], [64, 111, 170], [62, 109, 171], [62, 105, 165], [64, 112, 169], [64, 111, 159], [63, 113, 160], [64, 114, 161], [64, 113, 162], [64, 113, 151], [64, 118, 155], [63, 113, 151], [63, 112, 150]], "wb_kb": 2.581394910812378, "wb_kg": 1.1077457666397095, "red": [[4, 188, 232], [4, 180, 220], [3, 180, 236], [3, 184, 243], [4, 166, 232], [3, 166, 219], [3, 169, 213], [4, 167, 224], [4, 178, 205], [4, 173, 201], [4, 176, 200], [4, 178, 204], [4, 156, 199], [4, 169, 195], [3, 167, 188], [4, 159, 193]]}