{"tvecs": [[[3.540266603335596], [-2.3388307275943405], [13.309276183239934]], [[1.2018259079858673], [-2.782047751807062], [17.390335773743384]], [[-3.7261330538424944], [-2.973963751723327], [11.23853615734051]], [[3.322297092844197], [-2.439891799002193], [9.448019636758412]], [[-1.6573403348340456], [-1.389634492139811], [19.103316845621805]], [[2.0596640246568167], [-2.8912936345927593], [17.102988796282563]], [[4.374767792181598], [-3.2168713046166375], [17.07116862432407]], [[3.099597970016577], [-0.8377274457895242], [11.894431521499335]]], "blue": [[107, 165, 125], [108, 163, 125], [107, 164, 131], [107, 161, 136], [107, 164, 149], [107, 156, 147], [107, 161, 146], [107, 168, 149], [106, 163, 183], [106, 166, 177], [106, 164, 180], [106, 164, 182], [105, 168, 165], [106, 168, 161], [106, 169, 167], [106, 170, 169]], "mtx": [[1413.0591821594273, 0.0, 683.8959924102801], [0.0, 1412.7858346981236, 512.7644948568834], [0.0, 0.0, 1.0]], "dist": [[-0.34058075128709203, 0.16880520185423967, 4.053671160190791e-05, 0.0003777570320162113, -0.03580975840284215]], "wb_kr": 1.0, "yellow": [[22, 143, 233], [21, 144, 237], [21, 142, 239], [21, 142, 240], [22, 146, 252], [22, 144, 253], [22, 146, 252], [22, 146, 252], [20, 149, 235], [21, 146, 230], [21, 144, 227], [21, 144, 229], [20, 149, 224], [20, 150, 225], [19, 149, 230], [20, 152, 232]], "purple": [[125, 93, 90], [129, 92, 83], [129, 64, 111], [129, 43, 137], [122, 92, 111], [123, 98, 91], [121, 109, 98], [121, 105, 104], [127, 109, 94], [124, 107, 95], [124, 97, 84], [125, 112, 89], [120, 114, 76], [122, 117, 89], [118, 117, 96], [118, 130, 88]], "rvecs": [[[0.08052768988356647], [0.016622920240640538], [1.63416532688942]], [[-0.7045222855824723], [-0.7849176059241666], [1.4258829212784332]], [[1.0441545105453356], [0.4122594065385258], [-0.10641603814717776]], [[1.0074384875674112], [1.0175688666142728], [1.4117072839820288]], [[-1.0169043551485426], [0.4249063032211674], [0.24895784075142133]], [[-0.6551632179238006], [-0.7734579694542131], [1.4839345731420372]], [[0.36218124559930776], [0.37039251391369543], [1.4971714197009611]], [[0.3564210208012971], [0.0740022167058171], [1.9755256001393737]]], "green": [[59, 103, 175], [59, 103, 179], [60, 99, 182], [59, 105, 184], [58, 107, 191], [59, 108, 192], [59, 107, 193], [60, 103, 190], [58, 104, 166], [57, 107, 169], [58, 103, 164], [59, 104, 164], [58, 113, 154], [58, 110, 158], [58, 109, 161], [59, 107, 159]], "wb_kb": 2.2790744304656982, "wb_kg": 1.0957163572311401, "red": [[4, 180, 203], [4, 184, 214], [5, 177, 219], [5, 181, 225], [4, 186, 243], [4, 187, 240], [4, 184, 233], [4, 182, 230], [5, 173, 255], [5, 170, 255], [5, 174, 255], [5, 172, 255], [4, 187, 233], [5, 188, 230], [5, 183, 238], [4, 183, 236]]}