{"tvecs": [[[3.6620291662074425], [-2.2929217062876437], [10.984307479076131]], [[-0.9769619849132277], [-3.8549866377402284], [13.698528331563406]], [[-5.719772906768803], [-3.9985615423077343], [13.698036954165373]], [[1.9895004137733547], [-2.5116060070558204], [15.1916760229255]], [[-3.2004232394863847], [-1.6538109899855777], [7.867788870992381]], [[2.6544400102241013], [-2.3332615152650193], [9.581929585397837]], [[-0.1058354600277922], [-2.222932957089918], [14.965971799291998]], [[1.3665008747513914], [-3.011556367009922], [15.949078161201001]]], "blue": [[109, 171, 142], [109, 176, 151], [108, 171, 152], [108, 172, 148], [107, 164, 143], [107, 169, 143], [107, 171, 121], [107, 177, 118], [107, 177, 125], [109, 175, 165], [109, 165, 164], [108, 172, 166]], "mtx": [[1420.9952080652033, 0.0, 671.3934860954099], [0.0, 1420.7606822085422, 509.61952135795457], [0.0, 0.0, 1.0]], "dist": [[-0.3584231870135104, 0.2994384718010552, 0.0003551891456378047, 0.0003600164141774984, -0.24711059126851662]], "wb_kr": 1.0, "yellow": [[21, 130, 231], [21, 132, 234], [21, 127, 232], [21, 134, 213], [22, 122, 205], [22, 131, 210], [22, 132, 211], [23, 134, 168], [22, 134, 164], [23, 128, 171], [20, 139, 215], [20, 139, 219], [20, 140, 232]], "purple": [[119, 114, 114], [120, 114, 105], [124, 117, 111], [126, 120, 113], [123, 110, 109], [123, 121, 97], [121, 118, 95], [117, 129, 77], [121, 126, 81], [124, 124, 84], [124, 120, 98], [123, 123, 95]], "rvecs": [[[0.12889126013759425], [-0.08916543070452164], [1.5449494830441075]], [[0.08461822692520876], [0.16331433845484872], [-0.01750275617899241]], [[-0.005376114396973871], [-0.00018214961003489512], [0.010754445182135534]], [[-0.622056253266438], [-0.6742692815317061], [1.4684212737487492]], [[1.0457386465784428], [0.4558729973752707], [-0.15303191241084413]], [[1.0414445153060956], [1.054070409722345], [1.3609462543123287]], [[-1.0704758412106063], [0.5016282730003112], [0.12809300661170653]], [[-0.6647804451283821], [-0.9535077990816967], [1.3916526106797356]]], "green": [[65, 112, 160], [64, 110, 165], [64, 114, 165], [64, 104, 177], [67, 110, 176], [66, 111, 173], [64, 106, 152], [64, 102, 150], [62, 107, 153], [64, 107, 143], [63, 105, 136], [65, 114, 134]], "wb_kb": 2.7078421115875244, "wb_kg": 1.1362537145614624, "red": [[3, 179, 243], [3, 171, 235], [3, 170, 231], [5, 162, 198], [4, 162, 195], [5, 164, 204], [4, 182, 189], [3, 173, 180], [4, 182, 185], [4, 169, 211], [3, 166, 200], [3, 165, 217]]}