{"tvecs": [[[-2.9773445127157556], [4.2714496739774575], [20.271947839849457]], [[-5.576890406941051], [-0.14585226836678147], [21.552152728203385]], [[-0.19786308002158004], [-4.995782310589761], [18.540766128624234]], [[3.0045876510700853], [-2.690147201527393], [12.559193490137048]], [[-3.7015849301576367], [-2.488638274050791], [12.957046354553398]], [[2.146716044124693], [-2.8228424352376402], [9.447200692313503]], [[-0.41745792394283443], [-2.175656106983446], [17.79030325848607]], [[0.4028619370778526], [-1.7405986068626154], [17.1162158465008]]], "blue": [[109, 175, 157], [108, 173, 153], [108, 176, 158], [108, 173, 158], [109, 171, 119], [109, 162, 126], [108, 171, 122], [108, 170, 120], [107, 175, 115], [108, 171, 115], [108, 174, 114], [106, 166, 114], [107, 176, 126], [107, 179, 127], [107, 179, 127], [106, 183, 127]], "mtx": [[1419.0821676943863, 0.0, 675.2317425930842], [0.0, 1419.0896381495693, 505.964169653903], [0.0, 0.0, 1.0]], "dist": [[-0.34723261998451244, 0.2221196355302115, 0.0007018630191804435, -4.575047225103566e-05, -0.1366350278857924]], "wb_kr": 1.0, "yellow": [[21, 134, 202], [21, 138, 209], [21, 139, 219], [21, 141, 219], [20, 133, 207], [21, 128, 208], [21, 129, 202], [21, 131, 199], [25, 128, 157], [24, 129, 158], [24, 127, 157], [25, 123, 155], [25, 123, 160], [25, 124, 162], [25, 127, 163], [25, 121, 160]], "purple": [[122, 99, 100], [122, 114, 87], [123, 107, 88], [124, 113, 95], [123, 112, 73], [122, 123, 79], [121, 121, 74], [121, 120, 70], [120, 122, 92], [120, 117, 87], [119, 129, 87], [121, 130, 88], [121, 128, 80], [121, 119, 71], [123, 127, 70], [119, 128, 68]], "rvecs": [[[0.7564275264156891], [-0.028017686961253136], [3.029565889216229]], [[-0.3648876055025806], [0.4092378684553123], [-1.5102171043272534]], [[0.021646119763833214], [0.49741040014456545], [-0.0037027778727480383]], [[-0.07376371072482879], [-0.08298830129872818], [1.5762727853740937]], [[0.746593486695901], [0.5048828888140733], [-0.11799372542198627]], [[0.9930155898052591], [0.9419312258579897], [1.2492269345031066]], [[-0.7902004212801915], [0.48470725618360216], [0.1568194770050372]], [[-0.6823955425183946], [-0.6866293314392464], [1.4373637028852868]]], "green": [[64, 114, 152], [64, 115, 158], [64, 110, 156], [65, 112, 152], [61, 94, 144], [62, 100, 151], [64, 103, 143], [65, 106, 139], [65, 118, 123], [62, 114, 128], [64, 109, 119], [62, 114, 123], [64, 115, 138], [62, 110, 137], [64, 113, 140], [65, 116, 139]], "wb_kb": 2.553647994995117, "wb_kg": 1.110958456993103, "red": [[3, 166, 213], [3, 159, 208], [3, 170, 216], [4, 165, 216], [4, 183, 202], [3, 180, 205], [4, 175, 185], [3, 178, 182], [5, 157, 146], [4, 159, 151], [4, 161, 144], [4, 158, 142], [5, 182, 167], [4, 171, 166], [4, 165, 168], [4, 172, 169]]}